<assembly>
    <id>distribution</id>
    <formats>
        <format>zip</format>
    </formats>

    <fileSets>
        <fileSet>
            <fileMode>0775</fileMode>
            <directory>target/${project.artifactId}-${project.version}-standalone/bin</directory>
            <outputDirectory>bin</outputDirectory>
            <includes>
                <include>*.sh</include>
                <include>*.bat</include>
            </includes>
        </fileSet>
        <fileSet>
            <directory>../doc</directory>
        </fileSet>
        <fileSet>
            <directory>src</directory>
        </fileSet>
        <fileSet>
            <directory>target/${project.artifactId}-${project.version}-standalone/lib</directory>
            <outputDirectory>lib</outputDirectory>
        </fileSet>
    </fileSets>
    <files>
        <file>
            <source>pom.xml</source>
            <outputDirectory>src</outputDirectory>
        </file>
        <file>
            <source>../LICENSE.txt</source>
            <outputDirectory>/</outputDirectory>
        </file>
        <file>
            <source>src/main/bin/README.txt</source>
            <outputDirectory>/</outputDirectory>
        </file>
    </files>
</assembly>