<assembly>
    <id>distribution</id>
    <formats>
        <format>zip</format>
    </formats>

    <fileSets>
        <fileSet>
            <fileMode>0775</fileMode>
            <directory>target/${project.artifactId}-${project.version}-standalone/bin</directory>
            <outputDirectory>bin</outputDirectory>
            <includes>
                <include>*.sh</include>
                <include>*.bat</include>
            </includes>
        </fileSet>
        <fileSet>
            <directory>src</directory>
        </fileSet>
        <!-- PUBLIC -->
        <fileSet>
            <directory>target/classes/public</directory>
            <outputDirectory>public</outputDirectory>
            <includes>
                <include>*.html</include>
                <include>favicon.ico</include>
                <include>img/**</include>
                <include>css/**</include>
                <include>javascript/**</include>
            </includes>
        </fileSet>
        <!--<fileSet>
            <directory>target/apidocs</directory>
            <outputDirectory>doc/javadoc</outputDirectory>
        </fileSet>-->
        <fileSet>
            <directory>target/${project.artifactId}-${project.version}-standalone/lib</directory>
            <outputDirectory>lib</outputDirectory>
        </fileSet>
        <fileSet>
            <directory>../doc</directory>
        </fileSet>
        <fileSet>
            <directory>data</directory>
        </fileSet>
        <fileSet>
            <directory>config</directory>
        </fileSet>
        <fileSet>
            <directory>target/${project.artifactId}-${project.version}-standalone/ext</directory>
            <outputDirectory>ext</outputDirectory>
        </fileSet>
    </fileSets>
    <files>
        <file>
            <source>pom.xml</source>
            <outputDirectory>src</outputDirectory>
        </file>
        <file>
            <source>../LICENSE.txt</source>
            <outputDirectory>/</outputDirectory>
        </file>
        <file>
            <source>../CHANGELOG.textile</source>
            <outputDirectory>/</outputDirectory>
        </file>
        <file>
            <source>src/main/bin/README.txt</source>
            <outputDirectory>/</outputDirectory>
        </file>
    </files>
</assembly>